Date,Open,High,Low,Close,Adj Close,Volume,symbol
2023-06-09,122.25,123.760002,121.910004,122.230003,122.230003,23762500,GOOGL
2023-06-12,122.790001,124.050003,121.660004,123.639999,123.639999,28306400,GOOGL
2023-06-13,124.980003,125.160004,123.18,123.830002,123.830002,22278300,GOOGL
2023-06-14,123.099998,124.050003,121.449997,123.669998,123.669998,30592300,GOOGL
2023-06-15,123.139999,125.459999,122.400002,125.089996,125.089996,35246300,GOOGL
2023-06-16,125.93,126.110001,123.279999,123.529999,123.529999,45514000,GOOGL
2023-06-20,122.93,124.57,122.139999,123.099998,123.099998,26097500,GOOGL
2023-06-21,122.400002,122.660004,120.099998,120.550003,120.550003,30306300,GOOGL
2023-06-22,120.0,123.239998,118.830002,123.150002,123.150002,26952200,GOOGL
2023-06-23,121.379997,122.790001,121.059998,122.339996,122.339996,34885300,GOOGL
2023-06-26,120.760002,122.0,118.269997,118.339996,118.339996,33969900,GOOGL
2023-06-27,117.080002,119.080002,116.099998,118.330002,118.330002,39535900,GOOGL
2023-06-28,117.089996,120.389999,116.849998,120.18,120.18,27091400,GOOGL
2023-06-29,119.239998,120.059998,118.300003,119.099998,119.099998,24090900,GOOGL
2023-06-30,120.169998,121.080002,119.690002,119.699997,119.699997,29519700,GOOGL
2023-07-03,119.239998,120.190002,118.82,119.900002,119.900002,14467900,GOOGL
2023-07-05,119.239998,122.610001,119.230003,121.75,121.75,27584800,GOOGL
2023-07-06,119.800003,120.300003,118.400002,120.110001,120.110001,24745200,GOOGL
2023-07-07,120.099998,121.050003,119.400002,119.480003,119.480003,21692600,GOOGL
2023-07-10,118.300003,118.309998,116.139999,116.449997,116.449997,35315200,GOOGL
2023-07-11,116.290001,117.709999,115.349998,117.139999,117.139999,23078800,GOOGL
2023-07-12,118.800003,120.330002,118.410004,118.93,118.93,30404400,GOOGL
2023-07-13,120.93,124.830002,120.449997,124.540001,124.540001,44297900,GOOGL
2023-07-14,124.800003,126.779999,123.489998,125.419998,125.419998,33266800,GOOGL
2023-07-17,125.940002,127.099998,124.199997,124.650002,124.650002,25716200,GOOGL
2023-07-18,124.599998,124.68,122.959999,123.760002,123.760002,26226400,GOOGL
2023-07-19,124.599998,125.18,121.800003,122.029999,122.029999,37224000,GOOGL
2023-07-20,121.419998,124.089996,118.220001,119.199997,119.199997,37906800,GOOGL
2023-07-21,120.620003,120.989998,118.730003,120.019997,120.019997,72937900,GOOGL
2023-07-24,121.660004,123.0,120.980003,121.529999,121.529999,29686100,GOOGL
2023-07-25,121.360001,123.150002,121.019997,122.209999,122.209999,52509600,GOOGL
2023-07-26,130.070007,130.979996,128.320007,129.270004,129.270004,61682100,GOOGL
2023-07-27,131.669998,133.240005,128.789993,129.399994,129.399994,44952100,GOOGL
2023-07-28,130.779999,133.740005,130.570007,132.580002,132.580002,36591200,GOOGL
2023-07-31,132.729996,133.529999,131.779999,132.720001,132.720001,28055500,GOOGL
2023-08-01,130.779999,132.630005,130.679993,131.550003,131.550003,23166800,GOOGL
2023-08-02,129.449997,130.089996,127.559998,128.380005,128.380005,26273300,GOOGL
2023-08-03,127.970001,129.389999,127.419998,128.449997,128.449997,20089500,GOOGL
2023-08-04,129.279999,131.509995,127.910004,128.110001,128.110001,26130000,GOOGL
2023-08-07,129.160004,131.610001,129.020004,131.529999,131.529999,22746300,GOOGL
2023-08-08,130.619995,131.509995,129.539993,131.399994,131.399994,23535200,GOOGL
2023-08-09,131.660004,132.039993,129.0,129.660004,129.660004,24912900,GOOGL
2023-08-10,131.320007,132.050003,129.449997,129.690002,129.690002,20857800,GOOGL
2023-08-11,128.660004,129.929993,128.169998,129.559998,129.559998,19569200,GOOGL
2023-08-14,129.389999,131.369995,128.960007,131.330002,131.330002,24695600,GOOGL
2023-08-15,131.100006,131.419998,129.279999,129.779999,129.779999,19770700,GOOGL
2023-08-16,128.699997,130.279999,127.870003,128.699997,128.699997,25216100,GOOGL
2023-08-17,129.800003,131.990005,129.289993,129.919998,129.919998,33446300,GOOGL
2023-08-18,128.509995,129.25,126.379997,127.459999,127.459999,30491300,GOOGL
2023-08-21,127.18,128.729996,126.559998,128.369995,128.369995,25248700,GOOGL
2023-08-22,128.509995,130.279999,128.320007,129.080002,129.080002,22067500,GOOGL
2023-08-23,130.179993,133.410004,129.869995,132.369995,132.369995,27819700,GOOGL
2023-08-24,133.949997,134.25,129.570007,129.779999,129.779999,28500700,GOOGL
2023-08-25,129.539993,130.759995,127.25,129.880005,129.880005,26762900,GOOGL
2023-08-28,131.309998,132.539993,130.139999,131.009995,131.009995,20543300,GOOGL
2023-08-29,132.240005,136.570007,132.240005,134.570007,134.570007,43075600,GOOGL
2023-08-30,134.779999,136.279999,134.070007,135.880005,135.880005,28315800,GOOGL
2023-08-31,136.009995,138.0,135.789993,136.169998,136.169998,30053800,GOOGL
2023-09-01,137.460007,137.460007,134.850006,135.660004,135.660004,21524600,GOOGL
2023-09-05,135.440002,136.419998,134.580002,135.770004,135.770004,19403100,GOOGL
2023-09-06,136.020004,136.529999,133.669998,134.460007,134.460007,18684500,GOOGL
2023-09-07,133.589996,135.580002,132.949997,135.259995,135.259995,18844300,GOOGL
2023-09-08,134.910004,136.660004,134.850006,136.380005,136.380005,23558300,GOOGL
2023-09-11,136.539993,137.479996,135.789993,136.919998,136.919998,20763400,GOOGL
2023-09-12,136.259995,136.869995,135.190002,135.339996,135.339996,18405500,GOOGL
2023-09-13,135.089996,136.899994,134.149994,136.710007,136.710007,20749500,GOOGL
2023-09-14,137.600006,138.699997,136.240005,138.100006,138.100006,24751000,GOOGL
2023-09-15,137.979996,138.520004,136.479996,137.399994,137.399994,38908400,GOOGL
2023-09-18,136.610001,139.160004,136.610001,138.210007,138.210007,21861300,GOOGL
2023-09-19,137.419998,138.410004,136.619995,138.039993,138.039993,20353700,GOOGL
2023-09-20,138.080002,138.080002,133.619995,133.740005,133.740005,29927500,GOOGL
2023-09-21,131.440002,132.229996,130.070007,130.440002,130.440002,31488700,GOOGL
2023-09-22,130.759995,132.029999,129.600006,130.25,130.25,26397300,GOOGL
2023-09-25,129.830002,131.169998,128.960007,131.110001,131.110001,20094600,GOOGL
2023-09-26,129.770004,130.360001,127.220001,128.570007,128.570007,25718700,GOOGL
2023-09-27,128.570007,130.899994,128.570007,130.539993,130.539993,22746500,GOOGL
2023-09-28,129.839996,133.300003,129.789993,132.309998,132.309998,22513100,GOOGL
2023-09-29,133.279999,134.050003,130.360001,130.860001,130.860001,30848100,GOOGL
2023-10-02,131.210007,134.419998,131.169998,134.169998,134.169998,22288000,GOOGL
2023-10-03,133.940002,134.259995,131.839996,132.429993,132.429993,22989400,GOOGL
2023-10-04,132.789993,135.570007,132.529999,135.240005,135.240005,26752300,GOOGL
2023-10-05,135.070007,135.490005,133.449997,135.070007,135.070007,19832600,GOOGL
2023-10-06,134.009995,138.160004,134.009995,137.580002,137.580002,27583200,GOOGL
2023-10-09,136.940002,138.940002,135.610001,138.419998,138.419998,19278100,GOOGL
2023-10-10,138.5,139.720001,137.330002,138.059998,138.059998,27786600,GOOGL
2023-10-11,138.580002,141.110001,138.580002,140.550003,140.550003,25884300,GOOGL
2023-10-12,141.050003,141.220001,138.259995,138.970001,138.970001,24765500,GOOGL
2023-10-13,139.380005,140.0,136.619995,137.360001,137.360001,23420500,GOOGL
2023-10-16,138.169998,139.630005,137.990005,139.100006,139.100006,28501900,GOOGL
2023-10-17,138.630005,139.899994,137.179993,139.720001,139.720001,23515800,GOOGL
2023-10-18,139.449997,140.720001,137.380005,137.960007,137.960007,23375000,GOOGL
2023-10-19,138.5,139.660004,137.380005,137.75,137.75,26066000,GOOGL
2023-10-20,137.330002,137.869995,135.080002,135.600006,135.600006,26315200,GOOGL
2023-10-23,135.039993,137.660004,133.949997,136.5,136.5,26317900,GOOGL
2023-10-24,137.830002,139.360001,137.419998,138.809998,138.809998,44814300,GOOGL
2023-10-25,128.160004,128.309998,125.07,125.610001,125.610001,84366200,GOOGL
2023-10-26,123.269997,124.330002,121.269997,122.279999,122.279999,57061100,GOOGL
2023-10-27,122.879997,123.309998,120.209999,122.169998,122.169998,44566500,GOOGL
2023-10-30,123.209999,125.400002,122.75,124.459999,124.459999,28940100,GOOGL
2023-10-31,125.059998,125.370003,122.690002,124.080002,124.080002,26292300,GOOGL
2023-11-01,124.07,126.489998,123.720001,126.449997,126.449997,30082400,GOOGL
2023-11-02,128.419998,128.979996,126.93,127.489998,127.489998,27124600,GOOGL
2023-11-03,128.020004,129.529999,127.860001,129.100006,129.100006,26380100,GOOGL
2023-11-06,129.050003,130.339996,128.669998,130.25,130.25,19052700,GOOGL
2023-11-07,130.710007,131.910004,129.880005,130.970001,130.970001,29757300,GOOGL
2023-11-08,130.970001,132.210007,130.779999,131.839996,131.839996,26425800,GOOGL
2023-11-09,131.960007,132.550003,130.070007,130.240005,130.240005,23747800,GOOGL
2023-11-10,130.100006,132.800003,129.410004,132.589996,132.589996,26913300,GOOGL
2023-11-13,131.779999,132.589996,131.25,132.089996,132.089996,18324800,GOOGL
2023-11-14,134.190002,135.699997,133.320007,133.619995,133.619995,32395200,GOOGL
2023-11-15,134.869995,135.029999,133.570007,134.619995,134.619995,23861500,GOOGL
2023-11-16,135.190002,137.220001,134.320007,136.929993,136.929993,28013200,GOOGL
2023-11-17,136.0,136.059998,133.649994,135.309998,135.309998,37240600,GOOGL
2023-11-20,133.690002,136.660004,133.619995,136.25,136.25,27815500,GOOGL
2023-11-21,136.289993,137.179993,135.960007,136.970001,136.970001,22635300,GOOGL
2023-11-22,137.470001,139.419998,137.470001,138.490005,138.490005,17813900,GOOGL
2023-11-24,138.029999,138.130005,135.990005,136.690002,136.690002,12514300,GOOGL
2023-11-27,136.029999,138.419998,136.0,136.410004,136.410004,23436500,GOOGL
2023-11-28,136.080002,137.25,135.419998,137.199997,137.199997,18730000,GOOGL
2023-11-29,137.570007,138.289993,134.839996,134.990005,134.990005,23967200,GOOGL
2023-11-30,135.050003,135.550003,131.279999,132.529999,132.529999,38988300,GOOGL
2023-12-01,131.860001,132.110001,130.669998,131.860001,131.860001,31431200,GOOGL
2023-12-04,129.880005,130.029999,127.900002,129.270004,129.270004,36669900,GOOGL
2023-12-05,128.949997,132.139999,128.25,130.990005,130.990005,27384800,GOOGL
2023-12-06,131.440002,131.839996,129.880005,130.020004,130.020004,23576200,GOOGL
2023-12-07,135.039993,138.559998,134.699997,136.929993,136.929993,56767100,GOOGL
2023-12-08,134.199997,136.399994,134.029999,134.990005,134.990005,32233900,GOOGL
2023-12-11,132.380005,133.339996,131.360001,133.289993,133.289993,31138000,GOOGL
2023-12-12,131.809998,133.0,131.259995,132.520004,132.520004,29032800,GOOGL
2023-12-13,133.380005,133.5,131.570007,132.570007,132.570007,30104800,GOOGL
2023-12-14,133.380005,133.720001,129.690002,131.940002,131.940002,38722400,GOOGL
2023-12-15,131.619995,133.509995,131.179993,132.600006,132.600006,50815200,GOOGL
2023-12-18,132.630005,137.149994,132.429993,135.800003,135.800003,32258000,GOOGL
2023-12-19,136.839996,137.470001,136.080002,136.649994,136.649994,25476800,GOOGL
2023-12-20,138.970001,141.699997,138.070007,138.339996,138.339996,49107200,GOOGL
2023-12-21,139.490005,140.690002,139.179993,140.419998,140.419998,27488300,GOOGL
2023-12-22,140.770004,141.990005,140.710007,141.490005,141.490005,26514600,GOOGL
2023-12-26,141.589996,142.679993,141.190002,141.520004,141.520004,16780300,GOOGL
2023-12-27,141.589996,142.080002,139.889999,140.369995,140.369995,19628600,GOOGL
2023-12-28,140.779999,141.139999,139.75,140.229996,140.229996,16045700,GOOGL
2023-12-29,139.630005,140.360001,138.779999,139.690002,139.690002,18727200,GOOGL
2024-01-02,138.550003,139.449997,136.479996,138.169998,138.169998,23711200,GOOGL
2024-01-03,137.25,139.630005,137.080002,138.919998,138.919998,24212100,GOOGL
2024-01-04,138.419998,139.160004,136.350006,136.389999,136.389999,27137700,GOOGL
2024-01-05,136.75,137.160004,135.149994,135.729996,135.729996,22506000,GOOGL
2024-01-08,136.289993,139.009995,136.259995,138.839996,138.839996,21404000,GOOGL
2024-01-09,138.5,141.490005,138.149994,140.949997,140.949997,24759600,GOOGL
2024-01-10,141.0,143.0,140.910004,142.279999,142.279999,21320200,GOOGL
2024-01-11,143.490005,145.220001,140.639999,142.080002,142.080002,24008700,GOOGL
2024-01-12,142.669998,143.199997,141.820007,142.649994,142.649994,18768600,GOOGL
2024-01-16,142.0,144.350006,141.449997,142.490005,142.490005,22670500,GOOGL
2024-01-17,141.350006,141.839996,138.899994,141.470001,141.470001,20968600,GOOGL
2024-01-18,142.050003,144.210007,141.990005,143.479996,143.479996,25746400,GOOGL
2024-01-19,144.740005,146.449997,144.380005,146.380005,146.380005,33300700,GOOGL
2024-01-22,147.100006,148.389999,145.839996,145.990005,145.990005,32200400,GOOGL
2024-01-23,145.889999,147.179993,145.5,147.039993,147.039993,21636100,GOOGL
2024-01-24,148.539993,149.850006,148.100006,148.699997,148.699997,25233500,GOOGL
2024-01-25,150.070007,153.050003,149.539993,151.869995,151.869995,29149100,GOOGL
2024-01-26,151.100006,152.539993,151.009995,152.190002,152.190002,26115500,GOOGL
2024-01-29,152.059998,153.779999,151.429993,153.509995,153.509995,27784300,GOOGL
2024-01-30,152.800003,153.619995,151.190002,151.460007,151.460007,36331800,GOOGL
2024-01-31,143.619995,144.0,139.869995,140.100006,140.100006,71910000,GOOGL
2024-02-01,142.119995,143.059998,140.789993,141.160004,141.160004,40466500,GOOGL
2024-02-02,139.259995,142.619995,136.5,142.380005,142.380005,62470600,GOOGL
2024-02-05,142.820007,145.470001,142.779999,143.679993,143.679993,38505400,GOOGL
2024-02-06,144.649994,145.360001,143.190002,144.100006,144.100006,29128200,GOOGL
2024-02-07,144.759995,145.619995,143.929993,145.539993,145.539993,25208900,GOOGL
2024-02-08,145.830002,146.330002,145.100006,145.910004,145.910004,22563800,GOOGL
2024-02-09,146.679993,149.440002,146.179993,149.0,149.0,26829500,GOOGL
2024-02-12,148.419998,149.339996,147.369995,147.529999,147.529999,21564100,GOOGL
2024-02-13,144.919998,146.669998,143.690002,145.139999,145.139999,27837700,GOOGL
2024-02-14,146.080002,146.520004,144.089996,145.940002,145.940002,22704200,GOOGL
2024-02-15,143.139999,143.520004,140.460007,142.770004,142.770004,37590700,GOOGL
2024-02-16,142.990005,143.190002,140.139999,140.520004,140.520004,31451100,GOOGL
2024-02-20,139.660004,142.080002,139.490005,141.119995,141.119995,25144700,GOOGL
2024-02-21,141.449997,142.690002,140.679993,142.550003,142.550003,23315700,GOOGL
2024-02-22,144.929993,145.0,142.800003,144.089996,144.089996,27191900,GOOGL
2024-02-23,143.669998,144.679993,143.429993,143.960007,143.960007,19493800,GOOGL
2024-02-26,142.139999,142.440002,137.389999,137.570007,137.570007,53641800,GOOGL
2024-02-27,138.020004,139.25,137.089996,138.880005,138.880005,33099200,GOOGL
2024-02-28,137.899994,138.009995,135.410004,136.380005,136.380005,37328600,GOOGL
2024-02-29,137.279999,138.860001,136.399994,138.460007,138.460007,42133000,GOOGL
2024-03-01,138.429993,138.869995,136.919998,137.139999,137.139999,31119500,GOOGL
2024-03-04,135.660004,135.660004,131.910004,133.350006,133.350006,55999400,GOOGL
2024-03-05,131.880005,133.240005,130.669998,132.669998,132.669998,40194800,GOOGL
2024-03-06,133.119995,133.580002,130.850006,131.399994,131.399994,35318600,GOOGL
2024-03-07,132.789993,134.940002,131.610001,134.380005,134.380005,37738200,GOOGL
2024-03-08,134.210007,138.089996,134.0,135.410004,135.410004,39343100,GOOGL
2024-03-11,136.130005,139.100006,136.130005,137.669998,137.669998,32437800,GOOGL
2024-03-12,137.029999,139.380005,137.029999,138.5,138.5,27563400,GOOGL
2024-03-13,139.0,141.089996,138.990005,139.789993,139.789993,23347200,GOOGL
2024-03-14,141.190002,143.589996,140.460007,143.100006,143.100006,42753400,GOOGL
2024-03-15,142.5,143.179993,140.029999,141.179993,141.179993,49460600,GOOGL
2024-03-18,148.610001,152.149994,147.169998,147.679993,147.679993,69273700,GOOGL
2024-03-19,148.160004,148.789993,146.080002,147.029999,147.029999,24070400,GOOGL
2024-03-20,148.0,148.860001,146.740005,148.740005,148.740005,21311500,GOOGL
2024-03-21,149.470001,150.369995,146.899994,147.600006,147.600006,24755600,GOOGL
2024-03-22,149.119995,151.580002,148.979996,150.770004,150.770004,29175700,GOOGL
2024-03-25,149.940002,150.380005,147.820007,150.070007,150.070007,19229300,GOOGL
2024-03-26,150.220001,152.259995,149.979996,150.669998,150.669998,22149100,GOOGL
2024-03-27,151.179993,151.639999,148.899994,150.869995,150.869995,22879200,GOOGL
2024-03-28,150.850006,151.429993,150.169998,150.929993,150.929993,24485400,GOOGL
2024-04-01,150.690002,155.740005,150.610001,155.490005,155.490005,31730800,GOOGL
2024-04-02,153.5,154.699997,152.149994,154.559998,154.559998,24586000,GOOGL
2024-04-03,153.600006,155.080002,152.729996,154.919998,154.919998,24705000,GOOGL
2024-04-04,153.5,154.770004,150.449997,150.529999,150.529999,34724700,GOOGL
2024-04-05,150.029999,153.419998,149.600006,152.5,152.5,23449300,GOOGL
2024-04-08,152.779999,155.270004,152.610001,154.850006,154.850006,20702000,GOOGL
2024-04-09,156.089996,158.559998,155.190002,156.600006,156.600006,31113000,GOOGL
2024-04-10,156.210007,156.610001,154.679993,156.139999,156.139999,22838600,GOOGL
2024-04-11,156.910004,159.679993,156.460007,159.410004,159.410004,27166400,GOOGL
2024-04-12,157.960007,160.220001,157.139999,157.729996,157.729996,25329200,GOOGL
2024-04-15,158.860001,159.240005,154.589996,154.860001,154.860001,27136500,GOOGL
2024-04-16,154.190002,155.649994,153.429993,154.399994,154.399994,20779500,GOOGL
2024-04-17,155.619995,157.080002,154.580002,155.470001,155.470001,21763100,GOOGL
2024-04-18,155.339996,156.940002,154.619995,156.009995,156.009995,19883000,GOOGL
2024-04-19,156.199997,156.360001,152.300003,154.089996,154.089996,32239100,GOOGL
2024-04-22,154.309998,157.639999,154.059998,156.279999,156.279999,26446200,GOOGL
2024-04-23,156.960007,158.970001,156.279999,158.259995,158.259995,21151600,GOOGL
2024-04-24,157.490005,159.570007,157.169998,159.130005,159.130005,22779100,GOOGL
2024-04-25,151.330002,156.490005,150.869995,156.0,156.0,57109700,GOOGL
2024-04-26,174.369995,174.710007,169.649994,171.949997,171.949997,64665300,GOOGL
2024-04-29,169.059998,169.550003,165.210007,166.149994,166.149994,45610000,GOOGL
2024-04-30,165.610001,168.100006,162.600006,162.779999,162.779999,33562900,GOOGL
2024-05-01,164.300003,167.119995,163.089996,163.860001,163.860001,33493200,GOOGL
2024-05-02,164.789993,166.729996,163.889999,166.619995,166.619995,24294500,GOOGL
2024-05-03,167.559998,167.960007,163.050003,167.240005,167.240005,34662400,GOOGL
2024-05-06,167.460007,168.139999,166.029999,168.100006,168.100006,21871300,GOOGL
2024-05-07,168.5,171.759995,168.389999,171.25,171.25,28039700,GOOGL
2024-05-08,169.0,170.149994,168.740005,169.380005,169.380005,19569100,GOOGL
2024-05-09,169.389999,170.690002,168.179993,169.960007,169.960007,15346700,GOOGL
2024-05-10,168.029999,169.850006,166.190002,168.649994,168.649994,29799900,GOOGL
2024-05-13,164.259995,169.279999,164.0,169.139999,169.139999,31327600,GOOGL
2024-05-14,169.770004,171.25,168.800003,170.339996,170.339996,25127100,GOOGL
2024-05-15,170.630005,172.649994,170.509995,172.509995,172.509995,26948400,GOOGL
2024-05-16,173.289993,175.119995,172.690002,174.179993,174.179993,27867900,GOOGL
2024-05-17,174.179993,176.270004,173.690002,176.059998,176.059998,24479300,GOOGL
2024-05-20,176.190002,178.770004,176.080002,176.919998,176.919998,22554400,GOOGL
2024-05-21,176.899994,178.149994,175.809998,177.850006,177.850006,16989400,GOOGL
2024-05-22,176.639999,177.149994,175.210007,176.380005,176.380005,17880000,GOOGL
2024-05-23,177.070007,178.25,172.949997,173.550003,173.550003,21024900,GOOGL
2024-05-24,174.979996,175.770004,173.649994,174.990005,174.990005,16572500,GOOGL
2024-05-28,174.449997,177.270004,174.369995,176.399994,176.399994,20572200,GOOGL
2024-05-29,175.429993,176.839996,174.720001,175.899994,175.899994,23388700,GOOGL
2024-05-30,175.199997,175.220001,171.789993,172.110001,172.110001,22958700,GOOGL
2024-05-31,171.860001,173.059998,169.440002,172.5,172.5,37638900,GOOGL
2024-06-03,172.539993,174.529999,171.160004,173.169998,173.169998,27459100,GOOGL
2024-06-04,173.279999,173.850006,171.889999,173.789993,173.789993,26879600,GOOGL
2024-06-05,175.199997,176.649994,173.929993,175.410004,175.410004,22068500,GOOGL
2024-06-06,175.899994,177.149994,175.75,176.729996,176.729996,23251000,GOOGL
2024-06-07,177.050003,177.869995,174.300003,174.460007,174.460007,19638600,GOOGL
2023-06-12,124.019997,126.779999,123.529999,126.57,126.57,51338000,AMZN
2023-06-13,128.119995,128.410004,125.18,126.660004,126.660004,50564800,AMZN
2023-06-14,126.699997,126.949997,124.120003,126.419998,126.419998,52422500,AMZN
2023-06-15,125.209999,127.690002,124.32,127.110001,127.110001,60458500,AMZN
2023-06-16,127.709999,127.900002,125.300003,125.489998,125.489998,84188100,AMZN
2023-06-20,124.970001,127.25,124.5,125.779999,125.779999,56930100,AMZN
2023-06-21,125.639999,126.730003,123.849998,124.830002,124.830002,52137700,AMZN
2023-06-22,125.309998,130.330002,125.139999,130.149994,130.149994,90354600,AMZN
2023-06-23,129.110001,130.839996,128.279999,129.330002,129.330002,71855200,AMZN
2023-06-26,129.330002,131.490005,127.099998,127.330002,127.330002,59989300,AMZN
2023-06-27,128.630005,130.089996,127.550003,129.179993,129.179993,46801000,AMZN
2023-06-28,128.940002,131.479996,128.440002,129.039993,129.039993,52149500,AMZN
2023-06-29,128.770004,129.259995,127.260002,127.900002,127.900002,40761000,AMZN
2023-06-30,129.470001,131.25,128.949997,130.360001,130.360001,54310500,AMZN
2023-07-03,130.820007,131.850006,130.070007,130.220001,130.220001,28264800,AMZN
2023-07-05,130.240005,131.399994,129.639999,130.380005,130.380005,35895400,AMZN
2023-07-06,128.25,128.729996,127.370003,128.360001,128.360001,40639900,AMZN
2023-07-07,128.589996,130.970001,128.130005,129.779999,129.779999,41928700,AMZN
2023-07-10,129.070007,129.279999,125.919998,127.129997,127.129997,61889300,AMZN
2023-07-11,127.75,129.770004,127.349998,128.779999,128.779999,49951500,AMZN
2023-07-12,130.309998,131.259995,128.830002,130.800003,130.800003,54022800,AMZN
2023-07-13,134.039993,134.669998,132.710007,134.300003,134.300003,61170900,AMZN
2023-07-14,134.059998,136.649994,134.059998,134.679993,134.679993,54388100,AMZN
2023-07-17,134.559998,135.619995,133.210007,133.559998,133.559998,48450200,AMZN
2023-07-18,132.710007,133.860001,131.350006,132.830002,132.830002,54969100,AMZN
2023-07-19,133.389999,135.990005,132.529999,135.360001,135.360001,54531000,AMZN
2023-07-20,134.070007,134.789993,129.330002,129.960007,129.960007,59820600,AMZN
2023-07-21,131.339996,131.369995,128.419998,130.0,130.0,133265000,AMZN
2023-07-24,130.309998,131.660004,128.350006,128.800003,128.800003,45591100,AMZN
2023-07-25,129.309998,129.580002,128.529999,129.130005,129.130005,39236700,AMZN
2023-07-26,126.510002,129.080002,126.110001,128.149994,128.149994,53910100,AMZN
2023-07-27,131.0,132.630005,127.790001,128.25,128.25,52610700,AMZN
2023-07-28,129.690002,133.009995,129.330002,132.210007,132.210007,46317400,AMZN
2023-07-31,133.199997,133.869995,132.380005,133.679993,133.679993,41901500,AMZN
2023-08-01,133.550003,133.690002,131.619995,131.690002,131.690002,42098500,AMZN
2023-08-02,130.149994,130.229996,126.82,128.210007,128.210007,51027600,AMZN
2023-08-03,127.480003,129.839996,126.410004,128.910004,128.910004,88585200,AMZN
2023-08-04,141.059998,143.630005,139.320007,139.570007,139.570007,152938700,AMZN
2023-08-07,140.990005,142.539993,138.949997,142.220001,142.220001,71213100,AMZN
2023-08-08,140.619995,140.839996,138.419998,139.940002,139.940002,51710500,AMZN
2023-08-09,139.970001,140.320007,137.100006,137.850006,137.850006,50017300,AMZN
2023-08-10,139.070007,140.410004,137.490005,138.559998,138.559998,58928400,AMZN
2023-08-11,137.399994,139.330002,137.0,138.410004,138.410004,42832100,AMZN
2023-08-14,138.300003,140.589996,137.75,140.570007,140.570007,47148700,AMZN
2023-08-15,140.050003,141.279999,137.229996,137.669998,137.669998,42781500,AMZN
2023-08-16,137.190002,137.270004,135.009995,135.070007,135.070007,41675900,AMZN
2023-08-17,135.460007,136.089996,133.529999,133.979996,133.979996,48354100,AMZN
2023-08-18,131.619995,134.070007,131.149994,133.220001,133.220001,48469400,AMZN
2023-08-21,133.740005,135.190002,132.710007,134.679993,134.679993,41442500,AMZN
2023-08-22,135.080002,135.649994,133.729996,134.25,134.25,32935100,AMZN
2023-08-23,134.5,135.949997,133.220001,135.520004,135.520004,42801000,AMZN
2023-08-24,136.399994,136.779999,131.830002,131.839996,131.839996,43646300,AMZN
2023-08-25,132.470001,133.869995,130.580002,133.259995,133.259995,44147500,AMZN
2023-08-28,133.779999,133.949997,131.850006,133.139999,133.139999,34108400,AMZN
2023-08-29,133.380005,135.139999,133.25,134.910004,134.910004,38646100,AMZN
2023-08-30,134.929993,135.679993,133.919998,135.070007,135.070007,36137000,AMZN
2023-08-31,135.059998,138.789993,135.0,138.009995,138.009995,58781300,AMZN
2023-09-01,139.460007,139.960007,136.880005,138.119995,138.119995,40948300,AMZN
2023-09-05,137.729996,137.800003,135.820007,137.270004,137.270004,40636700,AMZN
2023-09-06,136.320007,137.449997,134.610001,135.360001,135.360001,41785500,AMZN
2023-09-07,133.899994,138.029999,133.160004,137.850006,137.850006,48498900,AMZN
2023-09-08,136.860001,138.850006,136.75,138.229996,138.229996,38348200,AMZN
2023-09-11,138.75,143.619995,138.639999,143.100006,143.100006,56764500,AMZN
2023-09-12,142.320007,143.0,140.610001,141.229996,141.229996,42668500,AMZN
2023-09-13,140.949997,144.979996,140.869995,144.850006,144.850006,60465200,AMZN
2023-09-14,145.080002,145.860001,142.949997,144.720001,144.720001,64033600,AMZN
2023-09-15,142.690002,143.570007,140.089996,140.389999,140.389999,102861700,AMZN
2023-09-18,140.479996,141.75,139.220001,139.979996,139.979996,42823500,AMZN
2023-09-19,138.699997,138.839996,135.559998,137.630005,137.630005,61482500,AMZN
2023-09-20,138.550003,139.369995,135.199997,135.289993,135.289993,46263700,AMZN
2023-09-21,131.940002,132.240005,129.309998,129.330002,129.330002,70234800,AMZN
2023-09-22,131.110001,132.029999,128.520004,129.119995,129.119995,59904300,AMZN
2023-09-25,129.360001,131.779999,128.770004,131.270004,131.270004,46017800,AMZN
2023-09-26,130.119995,130.389999,125.279999,125.980003,125.980003,73048200,AMZN
2023-09-27,125.760002,127.480003,124.129997,125.980003,125.980003,66553400,AMZN
2023-09-28,124.040001,126.580002,123.040001,125.980003,125.980003,54555000,AMZN
2023-09-29,128.199997,129.149994,126.32,127.120003,127.120003,62377600,AMZN
2023-10-02,127.279999,130.470001,126.540001,129.460007,129.460007,48029700,AMZN
2023-10-03,128.059998,128.520004,124.25,124.720001,124.720001,51565000,AMZN
2023-10-04,126.059998,127.360001,125.68,127.0,127.0,44203900,AMZN
2023-10-05,126.709999,126.730003,124.330002,125.959999,125.959999,39660600,AMZN
2023-10-06,124.160004,128.449997,124.129997,127.959999,127.959999,46795900,AMZN
2023-10-09,126.220001,128.789993,124.760002,128.259995,128.259995,38773700,AMZN
2023-10-10,128.820007,130.740005,128.050003,129.479996,129.479996,42178600,AMZN
2023-10-11,129.740005,132.050003,129.610001,131.830002,131.830002,40741800,AMZN
2023-10-12,132.169998,134.479996,131.229996,132.330002,132.330002,55528600,AMZN
2023-10-13,132.979996,133.309998,128.949997,129.789993,129.789993,45786600,AMZN
2023-10-16,130.690002,133.070007,130.429993,132.550003,132.550003,42832900,AMZN
2023-10-17,130.389999,132.580002,128.710007,131.470001,131.470001,49344600,AMZN
2023-10-18,129.899994,130.669998,127.510002,128.130005,128.130005,42699500,AMZN
2023-10-19,130.570007,132.240005,127.470001,128.399994,128.399994,60961400,AMZN
2023-10-20,128.050003,128.169998,124.970001,125.169998,125.169998,56343300,AMZN
2023-10-23,124.629997,127.879997,123.980003,126.559998,126.559998,48260000,AMZN
2023-10-24,127.739998,128.800003,126.339996,128.559998,128.559998,46477400,AMZN
2023-10-25,126.040001,126.339996,120.790001,121.389999,121.389999,74577500,AMZN
2023-10-26,120.629997,121.639999,118.349998,119.57,119.57,100419500,AMZN
2023-10-27,126.199997,130.020004,125.519997,127.739998,127.739998,125309300,AMZN
2023-10-30,129.720001,133.0,128.559998,132.710007,132.710007,72485500,AMZN
2023-10-31,132.75,133.570007,131.710007,133.089996,133.089996,51589400,AMZN
2023-11-01,133.960007,137.350006,133.710007,137.0,137.0,61529400,AMZN
2023-11-02,138.729996,138.809998,136.470001,138.070007,138.070007,52236700,AMZN
2023-11-03,138.990005,139.490005,137.449997,138.600006,138.600006,44007200,AMZN
2023-11-06,138.759995,140.729996,138.360001,139.740005,139.740005,44970400,AMZN
2023-11-07,140.550003,143.369995,140.5,142.710007,142.710007,53553500,AMZN
2023-11-08,142.970001,143.119995,141.220001,142.080002,142.080002,44521700,AMZN
2023-11-09,142.020004,142.649994,139.839996,140.600006,140.600006,36235400,AMZN
2023-11-10,140.460007,143.649994,139.910004,143.559998,143.559998,49287800,AMZN
2023-11-13,142.080002,143.229996,140.669998,142.589996,142.589996,35680600,AMZN
2023-11-14,145.0,147.259995,144.679993,145.800003,145.800003,56674600,AMZN
2023-11-15,147.059998,147.289993,142.589996,143.199997,143.199997,63875700,AMZN
2023-11-16,140.910004,143.320007,139.520004,142.830002,142.830002,49653500,AMZN
2023-11-17,142.660004,145.229996,142.539993,145.179993,145.179993,49636700,AMZN
2023-11-20,145.130005,146.630005,144.729996,146.130005,146.130005,41951200,AMZN
2023-11-21,143.910004,144.050003,141.5,143.899994,143.899994,71226000,AMZN
2023-11-22,144.570007,147.740005,144.570007,146.710007,146.710007,45669100,AMZN
2023-11-24,146.699997,147.199997,145.320007,146.740005,146.740005,22378400,AMZN
2023-11-27,147.529999,149.259995,146.880005,147.729996,147.729996,53762400,AMZN
2023-11-28,146.979996,147.600006,145.529999,147.029999,147.029999,42711700,AMZN
2023-11-29,147.850006,148.539993,145.970001,146.320007,146.320007,40610900,AMZN
2023-11-30,144.759995,146.929993,144.330002,146.089996,146.089996,65814000,AMZN
2023-12-01,146.0,147.25,145.550003,147.029999,147.029999,39924600,AMZN
2023-12-04,145.25,145.350006,142.809998,144.839996,144.839996,48294200,AMZN
2023-12-05,143.550003,148.570007,143.130005,146.880005,146.880005,46822400,AMZN
2023-12-06,147.580002,147.850006,144.279999,144.520004,144.520004,39679000,AMZN
2023-12-07,146.149994,147.919998,145.339996,146.880005,146.880005,52352800,AMZN
2023-12-08,145.479996,147.839996,145.399994,147.419998,147.419998,41858000,AMZN
2023-12-11,145.660004,146.190002,143.639999,145.889999,145.889999,50907300,AMZN
2023-12-12,145.520004,147.5,145.300003,147.479996,147.479996,44944300,AMZN
2023-12-13,148.119995,149.460007,146.820007,148.839996,148.839996,52766200,AMZN
2023-12-14,149.929993,150.539993,145.520004,147.419998,147.419998,58400800,AMZN
2023-12-15,148.380005,150.570007,147.880005,149.970001,149.970001,110039100,AMZN
2023-12-18,150.559998,154.850006,150.050003,154.070007,154.070007,62512800,AMZN
2023-12-19,154.399994,155.119995,152.690002,153.789993,153.789993,43171300,AMZN
2023-12-20,152.899994,155.630005,151.559998,152.119995,152.119995,50322100,AMZN
2023-12-21,153.300003,153.970001,152.100006,153.839996,153.839996,36305700,AMZN
2023-12-22,153.770004,154.350006,152.710007,153.419998,153.419998,29480100,AMZN
2023-12-26,153.559998,153.979996,153.029999,153.410004,153.410004,25067200,AMZN
2023-12-27,153.559998,154.779999,153.119995,153.339996,153.339996,31434700,AMZN
2023-12-28,153.720001,154.080002,152.949997,153.380005,153.380005,27057000,AMZN
2023-12-29,153.100006,153.889999,151.029999,151.940002,151.940002,39789000,AMZN
2024-01-02,151.539993,152.380005,148.389999,149.929993,149.929993,47339400,AMZN
2024-01-03,149.199997,151.050003,148.330002,148.470001,148.470001,49425500,AMZN
2024-01-04,145.589996,147.380005,144.050003,144.570007,144.570007,56039800,AMZN
2024-01-05,144.690002,146.589996,144.529999,145.240005,145.240005,45124800,AMZN
2024-01-08,146.740005,149.399994,146.149994,149.100006,149.100006,46757100,AMZN
2024-01-09,148.330002,151.710007,148.210007,151.369995,151.369995,43812600,AMZN
2024-01-10,152.059998,154.419998,151.880005,153.729996,153.729996,44421800,AMZN
2024-01-11,155.039993,157.169998,153.119995,155.179993,155.179993,49072700,AMZN
2024-01-12,155.389999,156.199997,154.009995,154.619995,154.619995,40460300,AMZN
2024-01-16,153.529999,154.990005,152.149994,153.160004,153.160004,41384600,AMZN
2024-01-17,151.490005,152.149994,149.910004,151.710007,151.710007,34953400,AMZN
2024-01-18,152.770004,153.779999,151.820007,153.5,153.5,37850200,AMZN
2024-01-19,153.830002,155.759995,152.740005,155.339996,155.339996,51033700,AMZN
2024-01-22,156.889999,157.050003,153.899994,154.779999,154.779999,43687500,AMZN
2024-01-23,154.850006,156.210007,153.929993,156.020004,156.020004,37986000,AMZN
2024-01-24,157.800003,158.509995,156.479996,156.869995,156.869995,48547300,AMZN
2024-01-25,156.949997,158.509995,154.550003,157.75,157.75,43638600,AMZN
2024-01-26,158.419998,160.720001,157.910004,159.119995,159.119995,51047400,AMZN
2024-01-29,159.339996,161.289993,158.899994,161.259995,161.259995,45270400,AMZN
2024-01-30,160.699997,161.729996,158.490005,159.0,159.0,45207400,AMZN
2024-01-31,157.0,159.009995,154.809998,155.199997,155.199997,50284400,AMZN
2024-02-01,155.869995,159.759995,155.619995,159.279999,159.279999,76542400,AMZN
2024-02-02,169.190002,172.5,167.330002,171.809998,171.809998,117154900,AMZN
2024-02-05,170.199997,170.550003,167.699997,170.309998,170.309998,55081300,AMZN
2024-02-06,169.389999,170.710007,167.649994,169.149994,169.149994,42505500,AMZN
2024-02-07,169.479996,170.880005,168.940002,170.529999,170.529999,47174100,AMZN
2024-02-08,169.649994,171.429993,168.880005,169.839996,169.839996,42316500,AMZN
2024-02-09,170.899994,175.0,170.580002,174.449997,174.449997,56986000,AMZN
2024-02-12,174.800003,175.389999,171.539993,172.339996,172.339996,51050400,AMZN
2024-02-13,167.729996,170.949997,165.75,168.639999,168.639999,56345100,AMZN
2024-02-14,169.210007,171.210007,168.279999,170.979996,170.979996,42815500,AMZN
2024-02-15,170.580002,171.169998,167.589996,169.800003,169.800003,49855200,AMZN
2024-02-16,168.740005,170.419998,167.169998,169.509995,169.509995,48074600,AMZN
2024-02-20,167.830002,168.710007,165.740005,167.080002,167.080002,41980300,AMZN
2024-02-21,168.940002,170.229996,167.139999,168.589996,168.589996,44575600,AMZN
2024-02-22,173.100006,174.800003,171.770004,174.580002,174.580002,55392400,AMZN
2024-02-23,174.279999,175.75,173.699997,174.990005,174.990005,59715200,AMZN
2024-02-26,175.699997,176.369995,174.259995,174.729996,174.729996,44368600,AMZN
2024-02-27,174.080002,174.619995,172.860001,173.539993,173.539993,31141700,AMZN
2024-02-28,172.440002,174.050003,172.270004,173.160004,173.160004,28180500,AMZN
2024-02-29,173.009995,177.220001,172.850006,176.759995,176.759995,53805400,AMZN
2024-03-01,176.75,178.729996,176.070007,178.220001,178.220001,31956200,AMZN
2024-03-04,177.529999,180.139999,177.490005,177.580002,177.580002,37381500,AMZN
2024-03-05,176.929993,176.929993,173.300003,174.119995,174.119995,37228300,AMZN
2024-03-06,175.539993,176.460007,173.259995,173.509995,173.509995,32090900,AMZN
2024-03-07,174.830002,177.990005,173.720001,176.820007,176.820007,34063300,AMZN
2024-03-08,176.440002,178.789993,174.330002,175.350006,175.350006,37853500,AMZN
2024-03-11,174.309998,174.470001,171.470001,171.960007,171.960007,28484800,AMZN
2024-03-12,173.5,176.759995,171.979996,175.389999,175.389999,36610600,AMZN
2024-03-13,175.899994,177.619995,175.550003,176.559998,176.559998,30772600,AMZN
2024-03-14,177.690002,179.529999,176.470001,178.75,178.75,43705800,AMZN
2024-03-15,176.639999,177.929993,173.899994,174.419998,174.419998,72115500,AMZN
2024-03-18,175.800003,176.690002,174.279999,174.479996,174.479996,31250700,AMZN
2024-03-19,174.220001,176.089996,173.520004,175.899994,175.899994,26880900,AMZN
2024-03-20,176.139999,178.529999,174.639999,178.149994,178.149994,29947200,AMZN
2024-03-21,179.990005,181.419998,178.149994,178.149994,178.149994,32824300,AMZN
2024-03-22,177.75,179.259995,176.75,178.869995,178.869995,27964100,AMZN
2024-03-25,178.009995,180.990005,177.240005,179.710007,179.710007,29815500,AMZN
2024-03-26,180.149994,180.449997,177.949997,178.300003,178.300003,29659000,AMZN
2024-03-27,179.880005,180.0,177.309998,179.830002,179.830002,33272600,AMZN
2024-03-28,180.169998,181.699997,179.259995,180.380005,180.380005,38051600,AMZN
2024-04-01,180.789993,183.0,179.949997,180.970001,180.970001,29174500,AMZN
2024-04-02,179.070007,180.789993,178.380005,180.690002,180.690002,32611500,AMZN
2024-04-03,179.899994,182.869995,179.800003,182.410004,182.410004,31046600,AMZN
2024-04-04,184.0,185.100006,180.0,180.0,180.0,41624300,AMZN
2024-04-05,182.380005,186.270004,181.970001,185.070007,185.070007,42335200,AMZN
2024-04-08,186.899994,187.289993,184.809998,185.190002,185.190002,39221300,AMZN
2024-04-09,187.240005,187.339996,184.199997,185.669998,185.669998,36546900,AMZN
2024-04-10,182.770004,186.270004,182.669998,185.949997,185.949997,35879200,AMZN
2024-04-11,186.740005,189.770004,185.509995,189.050003,189.050003,40020700,AMZN
2024-04-12,187.720001,188.380005,185.080002,186.130005,186.130005,38554300,AMZN
2024-04-15,187.429993,188.690002,183.0,183.619995,183.619995,48052400,AMZN
2024-04-16,183.270004,184.830002,182.259995,183.320007,183.320007,32891300,AMZN
2024-04-17,184.309998,184.570007,179.820007,181.279999,181.279999,31359700,AMZN
2024-04-18,181.470001,182.389999,178.649994,179.220001,179.220001,30723800,AMZN
2024-04-19,178.740005,179.0,173.440002,174.630005,174.630005,55950000,AMZN
2024-04-22,176.940002,178.869995,174.559998,177.229996,177.229996,37924900,AMZN
2024-04-23,178.080002,179.929993,175.979996,179.539993,179.539993,37046500,AMZN
2024-04-24,179.940002,180.320007,176.179993,176.589996,176.589996,34185100,AMZN
2024-04-25,169.679993,173.919998,166.320007,173.669998,173.669998,49249400,AMZN
2024-04-26,177.800003,180.820007,176.130005,179.619995,179.619995,43919800,AMZN
2024-04-29,182.75,183.529999,179.389999,180.960007,180.960007,54063900,AMZN
2024-04-30,181.089996,182.990005,174.800003,175.0,175.0,94639800,AMZN
2024-05-01,181.639999,185.149994,176.559998,179.0,179.0,94645100,AMZN
2024-05-02,180.850006,185.100006,179.910004,184.720001,184.720001,54303500,AMZN
2024-05-03,186.990005,187.869995,185.419998,186.210007,186.210007,39172000,AMZN
2024-05-06,186.279999,188.75,184.800003,188.699997,188.699997,34725300,AMZN
2024-05-07,188.919998,189.940002,187.309998,188.759995,188.759995,34048900,AMZN
2024-05-08,187.440002,188.429993,186.389999,188.0,188.0,26136400,AMZN
2024-05-09,188.880005,191.699997,187.440002,189.5,189.5,43368400,AMZN
2024-05-10,189.160004,189.889999,186.929993,187.479996,187.479996,34141800,AMZN
2024-05-13,188.0,188.309998,185.360001,186.570007,186.570007,24898600,AMZN
2024-05-14,183.820007,187.720001,183.449997,187.070007,187.070007,38698200,AMZN
2024-05-15,185.970001,186.720001,182.729996,185.990005,185.990005,75459900,AMZN
2024-05-16,185.600006,187.309998,183.460007,183.630005,183.630005,38834500,AMZN
2024-05-17,183.759995,185.300003,183.350006,184.699997,184.699997,33175700,AMZN
2024-05-20,184.339996,186.669998,183.279999,183.539993,183.539993,30511800,AMZN
2024-05-21,182.300003,183.259995,180.75,183.149994,183.149994,50839100,AMZN
2024-05-22,183.880005,185.220001,181.970001,183.130005,183.130005,28148800,AMZN
2024-05-23,183.660004,184.759995,180.080002,181.050003,181.050003,33670200,AMZN
2024-05-24,181.649994,182.440002,180.300003,180.75,180.75,27434100,AMZN
2024-05-28,179.929993,182.240005,179.490005,182.149994,182.149994,29927000,AMZN
2024-05-29,181.699997,184.080002,181.550003,182.020004,182.020004,32009300,AMZN
2024-05-30,181.309998,181.339996,178.360001,179.320007,179.320007,29249200,AMZN
2024-05-31,178.300003,179.210007,173.869995,176.440002,176.440002,58903900,AMZN
2024-06-03,177.699997,178.699997,175.919998,178.339996,178.339996,30786600,AMZN
2024-06-04,177.639999,179.820007,176.440002,179.339996,179.339996,27198400,AMZN
2024-06-05,180.100006,181.5,178.75,181.279999,181.279999,32116400,AMZN
2024-06-06,181.75,185.0,181.490005,185.0,185.0,31371200,AMZN
2024-06-07,184.899994,186.289993,183.360001,184.300003,184.300003,27977300,AMZN
2023-06-09,181.5,182.229996,180.630005,180.960007,180.004059,48870700,AAPL
2023-06-12,181.270004,183.889999,180.970001,183.789993,182.819092,54274900,AAPL
2023-06-13,182.800003,184.149994,182.440002,183.309998,182.341629,54929100,AAPL
2023-06-14,183.369995,184.389999,182.020004,183.949997,182.978256,57462900,AAPL
2023-06-15,183.960007,186.520004,183.779999,186.009995,185.027359,65433200,AAPL
2023-06-16,186.729996,186.990005,184.270004,184.919998,183.94313,101235600,AAPL
2023-06-20,184.410004,186.100006,184.410004,185.009995,184.032639,49799100,AAPL
2023-06-21,184.899994,185.410004,182.589996,183.960007,182.988205,49515700,AAPL
2023-06-22,183.740005,187.050003,183.669998,187.0,186.012131,51245300,AAPL
2023-06-23,185.550003,187.559998,185.009995,186.679993,185.693817,53079300,AAPL
2023-06-26,186.830002,188.050003,185.229996,185.270004,184.29129,48088700,AAPL
2023-06-27,185.889999,188.389999,185.669998,188.059998,187.066528,50730800,AAPL
2023-06-28,187.929993,189.899994,187.600006,189.25,188.250244,51216800,AAPL
2023-06-29,189.080002,190.070007,188.940002,189.589996,188.58844,46347300,AAPL
2023-06-30,191.630005,194.479996,191.259995,193.970001,192.945313,85069600,AAPL
2023-07-03,193.779999,193.880005,191.759995,192.460007,191.443298,31458200,AAPL
2023-07-05,191.570007,192.979996,190.619995,191.330002,190.319275,46920300,AAPL
2023-07-06,189.839996,192.020004,189.199997,191.809998,190.796722,45094300,AAPL
2023-07-07,191.410004,192.669998,190.240005,190.679993,189.672684,46778000,AAPL
2023-07-10,189.259995,189.990005,187.039993,188.610001,187.613632,59922200,AAPL
2023-07-11,189.160004,189.300003,186.600006,188.080002,187.086426,46638100,AAPL
2023-07-12,189.679993,191.699997,188.470001,189.770004,188.767502,60750200,AAPL
2023-07-13,190.5,191.190002,189.779999,190.539993,189.533447,41342300,AAPL
2023-07-14,190.229996,191.179993,189.630005,190.690002,189.682648,41573900,AAPL
2023-07-17,191.899994,194.320007,191.809998,193.990005,192.965225,50520200,AAPL
2023-07-18,193.350006,194.330002,192.419998,193.729996,192.706589,48353800,AAPL
2023-07-19,193.100006,198.229996,192.649994,195.100006,194.069351,80507300,AAPL
2023-07-20,195.089996,196.470001,192.5,193.130005,192.109772,59581200,AAPL
2023-07-21,194.100006,194.970001,191.229996,191.940002,190.926041,71917800,AAPL
2023-07-24,193.410004,194.910004,192.25,192.75,191.731766,45377800,AAPL
2023-07-25,193.330002,194.440002,192.919998,193.619995,192.597137,37283200,AAPL
2023-07-26,193.669998,195.639999,193.320007,194.5,193.472519,47471900,AAPL
2023-07-27,196.020004,197.199997,192.550003,193.220001,192.19928,47460200,AAPL
2023-07-28,194.669998,196.630005,194.139999,195.830002,194.795486,48291400,AAPL
2023-07-31,196.059998,196.490005,195.259995,196.449997,195.412201,38824100,AAPL
2023-08-01,196.240005,196.729996,195.279999,195.610001,194.576645,35175100,AAPL
2023-08-02,195.039993,195.179993,191.850006,192.580002,191.562668,50389300,AAPL
2023-08-03,191.570007,192.369995,190.690002,191.169998,190.160095,61235200,AAPL
2023-08-04,185.520004,187.380005,181.919998,181.990005,181.02861,115799700,AAPL
2023-08-07,182.130005,183.130005,177.350006,178.850006,177.905197,97576100,AAPL
2023-08-08,179.690002,180.270004,177.580002,179.800003,178.850159,67823000,AAPL
2023-08-09,180.869995,180.929993,177.009995,178.190002,177.248672,60378500,AAPL
2023-08-10,179.479996,180.75,177.600006,177.970001,177.029846,54686900,AAPL
2023-08-11,177.320007,178.619995,176.550003,177.789993,177.089615,51988100,AAPL
2023-08-14,177.970001,179.690002,177.309998,179.460007,178.753036,43675600,AAPL
2023-08-15,178.880005,179.479996,177.050003,177.449997,176.750946,43622600,AAPL
2023-08-16,177.130005,178.539993,176.5,176.570007,175.87442,46964900,AAPL
2023-08-17,177.139999,177.509995,173.479996,174.0,173.314529,66062900,AAPL
2023-08-18,172.300003,175.100006,171.960007,174.490005,173.802628,61114200,AAPL
2023-08-21,175.070007,176.130005,173.740005,175.839996,175.147278,46311900,AAPL
2023-08-22,177.059998,177.679993,176.25,177.229996,176.531799,42084200,AAPL
2023-08-23,178.520004,181.550003,178.330002,181.119995,180.406479,52722800,AAPL
2023-08-24,180.669998,181.100006,176.009995,176.380005,175.685165,54945800,AAPL
2023-08-25,177.380005,179.149994,175.820007,178.610001,177.906372,51449600,AAPL
2023-08-28,180.089996,180.589996,178.550003,180.190002,179.480164,43820700,AAPL
2023-08-29,179.699997,184.899994,179.5,184.119995,183.394653,53003900,AAPL
2023-08-30,184.940002,187.850006,184.740005,187.649994,186.910751,60813900,AAPL
2023-08-31,187.839996,189.119995,187.479996,187.869995,187.129898,60794500,AAPL
2023-09-01,189.490005,189.919998,188.279999,189.460007,188.713654,45732600,AAPL
2023-09-05,188.279999,189.979996,187.610001,189.699997,188.952682,45280000,AAPL
2023-09-06,188.399994,188.850006,181.470001,182.910004,182.189438,81755800,AAPL
2023-09-07,175.179993,178.210007,173.539993,177.559998,176.860504,112488800,AAPL
2023-09-08,178.350006,180.240005,177.789993,178.179993,177.478058,65551300,AAPL
2023-09-11,180.070007,180.300003,177.339996,179.360001,178.653412,58953100,AAPL
2023-09-12,179.490005,180.130005,174.820007,176.300003,175.605484,90370200,AAPL
2023-09-13,176.509995,177.300003,173.979996,174.210007,173.523712,84267900,AAPL
2023-09-14,174.0,176.100006,173.580002,175.740005,175.047684,60895800,AAPL
2023-09-15,176.479996,176.5,173.820007,175.009995,174.320541,109205100,AAPL
2023-09-18,176.479996,179.380005,176.169998,177.970001,177.268906,67257600,AAPL
2023-09-19,177.520004,179.630005,177.130005,179.070007,178.364563,51826900,AAPL
2023-09-20,179.259995,179.699997,175.399994,175.490005,174.798676,58436200,AAPL
2023-09-21,174.550003,176.300003,173.860001,173.929993,173.244797,63047900,AAPL
2023-09-22,174.669998,177.080002,174.050003,174.789993,174.101425,56725400,AAPL
2023-09-25,174.199997,176.970001,174.149994,176.080002,175.386337,46172700,AAPL
2023-09-26,174.820007,175.199997,171.660004,171.960007,171.282578,64588900,AAPL
2023-09-27,172.619995,173.039993,169.050003,170.429993,169.758591,66921800,AAPL
2023-09-28,169.339996,172.029999,167.619995,170.690002,170.017578,56294400,AAPL
2023-09-29,172.020004,173.070007,170.339996,171.210007,170.535538,51814200,AAPL
2023-10-02,171.220001,174.300003,170.929993,173.75,173.065506,52164500,AAPL
2023-10-03,172.259995,173.630005,170.820007,172.399994,171.72084,49594600,AAPL
2023-10-04,171.089996,174.210007,170.970001,173.660004,172.975876,53020300,AAPL
2023-10-05,173.789993,175.449997,172.679993,174.910004,174.220963,48527900,AAPL
2023-10-06,173.800003,177.990005,173.179993,177.490005,176.790787,57224100,AAPL
2023-10-09,176.809998,179.050003,175.800003,178.990005,178.284882,42390800,AAPL
2023-10-10,178.100006,179.720001,177.949997,178.389999,177.687241,43698000,AAPL
2023-10-11,178.199997,179.850006,177.600006,179.800003,179.091675,47551100,AAPL
2023-10-12,180.070007,182.339996,179.039993,180.710007,179.998093,56743100,AAPL
2023-10-13,181.419998,181.929993,178.139999,178.850006,178.145432,51427100,AAPL
2023-10-16,176.75,179.080002,176.509995,178.720001,178.01593,52517000,AAPL
2023-10-17,176.649994,178.419998,174.800003,177.149994,176.452118,57549400,AAPL
2023-10-18,175.580002,177.580002,175.110001,175.839996,175.147278,54764400,AAPL
2023-10-19,176.039993,177.839996,175.190002,175.460007,174.768784,59302900,AAPL
2023-10-20,175.309998,175.419998,172.639999,172.880005,172.198959,64189300,AAPL
2023-10-23,170.910004,174.009995,169.929993,173.0,172.318481,55980100,AAPL
2023-10-24,173.050003,173.669998,171.449997,173.440002,172.756744,43816600,AAPL
2023-10-25,171.880005,173.059998,170.649994,171.100006,170.42598,57157000,AAPL
2023-10-26,170.369995,171.380005,165.669998,166.889999,166.232544,70625300,AAPL
2023-10-27,166.910004,168.960007,166.830002,168.220001,167.557312,58499100,AAPL
2023-10-30,169.020004,171.169998,168.869995,170.289993,169.619125,51131000,AAPL
2023-10-31,169.350006,170.899994,167.899994,170.770004,170.09726,44846000,AAPL
2023-11-01,171.0,174.229996,170.119995,173.970001,173.284653,56934900,AAPL
2023-11-02,175.520004,177.779999,175.460007,177.570007,176.870468,77334800,AAPL
2023-11-03,174.240005,176.820007,173.350006,176.649994,175.954102,79763700,AAPL
2023-11-06,176.380005,179.429993,176.210007,179.229996,178.523941,63841300,AAPL
2023-11-07,179.179993,182.440002,178.970001,181.820007,181.103745,70530000,AAPL
2023-11-08,182.350006,183.449997,181.589996,182.889999,182.16951,49340300,AAPL
2023-11-09,182.960007,184.119995,181.809998,182.410004,181.691422,53763500,AAPL
2023-11-10,183.970001,186.570007,183.529999,186.399994,185.910278,66133400,AAPL
2023-11-13,185.820007,186.029999,184.210007,184.800003,184.314484,43627500,AAPL
2023-11-14,187.699997,188.110001,186.300003,187.440002,186.947556,60108400,AAPL
2023-11-15,187.850006,189.5,187.779999,188.009995,187.516052,53790500,AAPL
2023-11-16,189.570007,190.960007,188.649994,189.710007,189.211609,54412900,AAPL
2023-11-17,190.25,190.380005,188.570007,189.690002,189.19165,50922700,AAPL
2023-11-20,189.889999,191.910004,189.880005,191.449997,190.947021,46505100,AAPL
2023-11-21,191.410004,191.520004,189.740005,190.639999,190.139145,38134500,AAPL
2023-11-22,191.490005,192.929993,190.830002,191.309998,190.807404,39617700,AAPL
2023-11-24,190.869995,190.899994,189.25,189.970001,189.470901,24048300,AAPL
2023-11-27,189.919998,190.669998,188.899994,189.789993,189.291367,40552600,AAPL
2023-11-28,189.779999,191.080002,189.399994,190.399994,189.899765,38415400,AAPL
2023-11-29,190.899994,192.089996,188.970001,189.369995,188.872482,43014200,AAPL
2023-11-30,189.839996,190.320007,188.190002,189.949997,189.450958,48794400,AAPL
2023-12-01,190.330002,191.559998,189.229996,191.240005,190.737579,45679300,AAPL
2023-12-04,189.979996,190.050003,187.449997,189.429993,188.932312,43389500,AAPL
2023-12-05,190.210007,194.399994,190.179993,193.419998,192.91185,66628400,AAPL
2023-12-06,194.449997,194.759995,192.110001,192.320007,191.814743,41089700,AAPL
2023-12-07,193.630005,195.0,193.589996,194.270004,193.759628,47477700,AAPL
2023-12-08,194.199997,195.990005,193.669998,195.710007,195.195847,53377300,AAPL
2023-12-11,193.110001,193.490005,191.419998,193.179993,192.672485,60943700,AAPL
2023-12-12,193.080002,194.720001,191.720001,194.710007,194.198471,52696900,AAPL
2023-12-13,195.089996,198.0,194.850006,197.960007,197.439926,70404200,AAPL
2023-12-14,198.020004,199.619995,196.160004,198.110001,197.589523,66831600,AAPL
2023-12-15,197.529999,198.399994,197.0,197.570007,197.050949,128256700,AAPL
2023-12-18,196.089996,196.630005,194.389999,195.889999,195.375366,55751900,AAPL
2023-12-19,196.160004,196.949997,195.889999,196.940002,196.422607,40714100,AAPL
2023-12-20,196.899994,197.679993,194.830002,194.830002,194.318146,52242800,AAPL
2023-12-21,196.100006,197.080002,193.5,194.679993,194.168518,46482500,AAPL
2023-12-22,195.179993,195.410004,192.970001,193.600006,193.091385,37122800,AAPL
2023-12-26,193.610001,193.889999,192.830002,193.050003,192.542816,28919300,AAPL
2023-12-27,192.490005,193.5,191.089996,193.149994,192.642548,48087700,AAPL
2023-12-28,194.139999,194.660004,193.169998,193.580002,193.071426,34049900,AAPL
2023-12-29,193.899994,194.399994,191.729996,192.529999,192.024185,42628800,AAPL
2024-01-02,187.149994,188.440002,183.889999,185.639999,185.152283,82488700,AAPL
2024-01-03,184.220001,185.880005,183.429993,184.25,183.76593,58414500,AAPL
2024-01-04,182.149994,183.089996,180.880005,181.910004,181.432098,71983600,AAPL
2024-01-05,181.990005,182.759995,180.169998,181.179993,180.703995,62303300,AAPL
2024-01-08,182.089996,185.600006,181.5,185.559998,185.072495,59144500,AAPL
2024-01-09,183.919998,185.149994,182.729996,185.139999,184.653595,42841800,AAPL
2024-01-10,184.350006,186.399994,183.919998,186.190002,185.700851,46792900,AAPL
2024-01-11,186.539993,187.050003,183.619995,185.589996,185.102417,49128400,AAPL
2024-01-12,186.059998,186.740005,185.190002,185.919998,185.431549,40444700,AAPL
2024-01-16,182.160004,184.259995,180.929993,183.630005,183.147568,65603000,AAPL
2024-01-17,181.270004,182.929993,180.300003,182.679993,182.200058,47317400,AAPL
2024-01-18,186.089996,189.139999,185.830002,188.630005,188.13443,78005800,AAPL
2024-01-19,189.330002,191.949997,188.820007,191.559998,191.056732,68741000,AAPL
2024-01-22,192.300003,195.330002,192.259995,193.889999,193.3806,60133900,AAPL
2024-01-23,195.020004,195.75,193.830002,195.179993,194.667221,42355600,AAPL
2024-01-24,195.419998,196.380005,194.339996,194.5,193.988998,53631300,AAPL
2024-01-25,195.220001,196.270004,193.110001,194.169998,193.659882,54822100,AAPL
2024-01-26,194.270004,194.759995,191.940002,192.419998,191.914474,44594000,AAPL
2024-01-29,192.009995,192.199997,189.580002,191.729996,191.226273,47145600,AAPL
2024-01-30,190.940002,191.800003,187.470001,188.039993,187.545975,55859400,AAPL
2024-01-31,187.039993,187.100006,184.350006,184.399994,183.915543,55467800,AAPL
2024-02-01,183.990005,186.949997,183.820007,186.860001,186.369095,64885400,AAPL
2024-02-02,179.860001,187.330002,179.25,185.850006,185.36174,102518000,AAPL
2024-02-05,188.149994,189.25,185.839996,187.679993,187.18692,69668800,AAPL
2024-02-06,186.860001,189.309998,186.770004,189.300003,188.802673,43490800,AAPL
2024-02-07,190.639999,191.050003,188.610001,189.410004,188.912384,53439000,AAPL
2024-02-08,189.389999,189.539993,187.350006,188.320007,187.825256,40962000,AAPL
2024-02-09,188.649994,189.990005,188.0,188.850006,188.594208,45155200,AAPL
2024-02-12,188.419998,188.669998,186.789993,187.149994,186.8965,41781900,AAPL
2024-02-13,185.770004,186.210007,183.509995,185.039993,184.789352,56529500,AAPL
2024-02-14,185.320007,185.529999,182.440002,184.149994,183.900558,54630500,AAPL
2024-02-15,183.550003,184.490005,181.350006,183.860001,183.610962,65434500,AAPL
2024-02-16,183.419998,184.850006,181.669998,182.309998,182.063049,49701400,AAPL
2024-02-20,181.789993,182.429993,180.0,181.559998,181.314072,53665600,AAPL
2024-02-21,181.940002,182.889999,180.660004,182.320007,182.073059,41529700,AAPL
2024-02-22,183.479996,184.960007,182.460007,184.369995,184.12027,52292200,AAPL
2024-02-23,185.009995,185.039993,182.229996,182.520004,182.272781,45119700,AAPL
2024-02-26,182.240005,182.759995,180.649994,181.160004,180.914627,40867400,AAPL
2024-02-27,181.100006,183.919998,179.559998,182.630005,182.382629,54318900,AAPL
2024-02-28,182.509995,183.119995,180.130005,181.419998,181.174255,48953900,AAPL
2024-02-29,181.270004,182.570007,179.529999,180.75,180.505173,136682600,AAPL
2024-03-01,179.550003,180.529999,177.380005,179.660004,179.416656,73488000,AAPL
2024-03-04,176.149994,176.899994,173.789993,175.100006,174.862823,81510100,AAPL
2024-03-05,170.759995,172.039993,169.619995,170.119995,169.889572,95132400,AAPL
2024-03-06,171.059998,171.240005,168.679993,169.119995,168.890915,68587700,AAPL
2024-03-07,169.149994,170.729996,168.490005,169.0,168.771088,71765100,AAPL
2024-03-08,169.0,173.699997,168.940002,170.729996,170.498734,76114600,AAPL
2024-03-11,172.940002,174.380005,172.050003,172.75,172.516006,60139500,AAPL
2024-03-12,173.149994,174.029999,171.009995,173.229996,172.995346,59825400,AAPL
2024-03-13,172.770004,173.190002,170.759995,171.130005,170.898209,52488700,AAPL
2024-03-14,172.910004,174.309998,172.050003,173.0,172.765671,72913500,AAPL
2024-03-15,171.169998,172.619995,170.289993,172.619995,172.386185,121664700,AAPL
2024-03-18,175.570007,177.710007,173.520004,173.720001,173.484695,75604200,AAPL
2024-03-19,174.339996,176.610001,173.029999,176.080002,175.841492,55215200,AAPL
2024-03-20,175.720001,178.669998,175.089996,178.669998,178.427994,53423100,AAPL
2024-03-21,177.050003,177.490005,170.839996,171.369995,171.137878,106181300,AAPL
2024-03-22,171.759995,173.050003,170.059998,172.279999,172.046646,71106600,AAPL
2024-03-25,170.570007,171.940002,169.449997,170.850006,170.618591,54288300,AAPL
2024-03-26,170.0,171.419998,169.580002,169.710007,169.480133,57388400,AAPL
2024-03-27,170.410004,173.600006,170.110001,173.309998,173.075241,60273300,AAPL
2024-03-28,171.75,172.229996,170.509995,171.479996,171.247726,65672700,AAPL
2024-04-01,171.190002,171.25,169.479996,170.029999,169.799698,46240500,AAPL
2024-04-02,169.080002,169.339996,168.229996,168.839996,168.611298,49329500,AAPL
2024-04-03,168.789993,170.679993,168.580002,169.649994,169.420197,47691700,AAPL
2024-04-04,170.289993,171.919998,168.820007,168.820007,168.591339,53704400,AAPL
2024-04-05,169.589996,170.389999,168.949997,169.580002,169.350296,42055200,AAPL
2024-04-08,169.029999,169.199997,168.240005,168.449997,168.221832,37425500,AAPL
2024-04-09,168.699997,170.080002,168.350006,169.669998,169.44017,42451200,AAPL
2024-04-10,168.800003,169.089996,167.110001,167.779999,167.552734,49709300,AAPL
2024-04-11,168.339996,175.460007,168.160004,175.039993,174.802902,91070300,AAPL
2024-04-12,174.259995,178.360001,174.210007,176.550003,176.310867,101593300,AAPL
2024-04-15,175.360001,176.630005,172.5,172.690002,172.456085,73531800,AAPL
2024-04-16,171.75,173.759995,168.270004,169.380005,169.150574,73711200,AAPL
2024-04-17,169.610001,170.649994,168.0,168.0,167.772446,50901200,AAPL
2024-04-18,168.029999,168.639999,166.550003,167.039993,166.813736,43122900,AAPL
2024-04-19,166.210007,166.399994,164.080002,165.0,164.776505,67772100,AAPL
2024-04-22,165.520004,167.259995,164.770004,165.839996,165.615356,48116400,AAPL
2024-04-23,165.350006,167.050003,164.919998,166.899994,166.67392,49537800,AAPL
2024-04-24,166.539993,169.300003,166.210007,169.020004,168.791061,48251800,AAPL
2024-04-25,169.529999,170.610001,168.149994,169.889999,169.659882,50558300,AAPL
2024-04-26,169.880005,171.339996,169.179993,169.300003,169.070679,44838400,AAPL
2024-04-29,173.369995,176.029999,173.100006,173.5,173.264984,68169400,AAPL
2024-04-30,173.330002,174.990005,170.0,170.330002,170.099289,65934800,AAPL
2024-05-01,169.580002,172.710007,169.110001,169.300003,169.070679,50383100,AAPL
2024-05-02,172.509995,173.419998,170.889999,173.029999,172.795624,94214900,AAPL
2024-05-03,186.649994,187.0,182.660004,183.380005,183.131607,163224100,AAPL
2024-05-06,182.350006,184.199997,180.419998,181.710007,181.463882,78569700,AAPL
2024-05-07,183.449997,184.899994,181.320007,182.399994,182.152924,77305800,AAPL
2024-05-08,182.850006,183.070007,181.449997,182.740005,182.492477,45057100,AAPL
2024-05-09,182.559998,184.660004,182.110001,184.570007,184.320007,48983000,AAPL
2024-05-10,184.899994,185.089996,182.130005,183.050003,183.050003,50759500,AAPL
2024-05-13,185.440002,187.100006,184.619995,186.279999,186.279999,72044800,AAPL
2024-05-14,187.509995,188.300003,186.289993,187.429993,187.429993,52393600,AAPL
2024-05-15,187.910004,190.649994,187.369995,189.720001,189.720001,70400000,AAPL
2024-05-16,190.470001,191.100006,189.660004,189.839996,189.839996,52845200,AAPL
2024-05-17,189.509995,190.809998,189.179993,189.869995,189.869995,41282900,AAPL
2024-05-20,189.330002,191.919998,189.009995,191.039993,191.039993,44361300,AAPL
2024-05-21,191.089996,192.729996,190.919998,192.350006,192.350006,42309400,AAPL
2024-05-22,192.270004,192.820007,190.270004,190.899994,190.899994,34648500,AAPL
2024-05-23,190.979996,191.0,186.630005,186.880005,186.880005,51005900,AAPL
2024-05-24,188.820007,190.580002,188.039993,189.979996,189.979996,36294600,AAPL
2024-05-28,191.509995,193.0,189.100006,189.990005,189.990005,52280100,AAPL
2024-05-29,189.610001,192.25,189.509995,190.289993,190.289993,53068000,AAPL
2024-05-30,190.759995,192.179993,190.630005,191.289993,191.289993,49947900,AAPL
2024-05-31,191.440002,192.570007,189.910004,192.25,192.25,75158300,AAPL
2024-06-03,192.899994,194.990005,192.520004,194.029999,194.029999,50080500,AAPL
2024-06-04,194.639999,195.320007,193.029999,194.350006,194.350006,47471400,AAPL
2024-06-05,195.399994,196.899994,194.869995,195.869995,195.869995,54156800,AAPL
2024-06-06,195.690002,196.5,194.169998,194.479996,194.479996,41181800,AAPL
2024-06-07,194.649994,196.940002,194.139999,196.889999,196.889999,53044700,AAPL
2023-06-09,324.98999,329.98999,324.410004,326.790009,324.253479,22514900,MSFT
2023-06-12,328.579987,332.100006,325.160004,331.850006,329.27417,24260300,MSFT
2023-06-13,334.470001,336.980011,330.390015,334.290009,331.695313,22951300,MSFT
2023-06-14,334.339996,339.040009,332.809998,337.339996,334.721588,26003800,MSFT
2023-06-15,337.480011,349.839996,337.200012,348.100006,345.398071,38899100,MSFT
2023-06-16,351.320007,351.470001,341.950012,342.329987,339.672821,46533600,MSFT
2023-06-20,339.309998,342.079987,335.859985,338.049988,335.426056,26375400,MSFT
2023-06-21,336.369995,337.730011,332.070007,333.559998,330.970917,25117800,MSFT
2023-06-22,334.119995,340.119995,333.339996,339.709991,337.073212,23556800,MSFT
2023-06-23,334.359985,337.959991,333.450012,335.019989,332.419586,23084700,MSFT
2023-06-26,333.720001,336.109985,328.48999,328.600006,326.049438,21520600,MSFT
2023-06-27,331.859985,336.149994,329.299988,334.570007,331.973083,24354100,MSFT
2023-06-28,334.660004,337.980011,333.809998,335.850006,333.243195,20259500,MSFT
2023-06-29,334.709991,336.109985,332.619995,335.049988,332.449371,16997000,MSFT
2023-06-30,337.75,342.730011,337.200012,340.540009,337.89679,26823800,MSFT
2023-07-03,339.190002,340.899994,336.570007,337.98999,335.366516,12508700,MSFT
2023-07-05,335.089996,341.649994,334.730011,338.149994,335.525299,18172400,MSFT
2023-07-06,337.299988,342.98999,335.5,341.269989,338.621063,28161200,MSFT
2023-07-07,339.320007,341.790009,337.0,337.220001,334.602509,21185300,MSFT
2023-07-10,334.600006,335.230011,327.589996,331.829987,329.254364,32791400,MSFT
2023-07-11,331.059998,332.859985,327.0,332.470001,329.889374,26698200,MSFT
2023-07-12,336.600006,341.649994,335.670013,337.200012,334.582733,29995300,MSFT
2023-07-13,339.559998,343.73999,339.019989,342.660004,340.000305,20567200,MSFT
2023-07-14,347.589996,351.429993,344.309998,345.23999,342.560272,28302200,MSFT
2023-07-17,345.679993,346.98999,342.200012,345.730011,343.046509,20363900,MSFT
2023-07-18,345.829987,366.779999,342.170013,359.48999,356.699646,64872700,MSFT
2023-07-19,361.75,362.459991,352.440002,355.079987,352.323883,39732900,MSFT
2023-07-20,353.570007,357.970001,345.369995,346.869995,344.177582,33778400,MSFT
2023-07-21,349.149994,350.299988,339.829987,343.769989,341.101654,69368900,MSFT
2023-07-24,345.850006,346.920013,342.309998,345.109985,342.431274,26678100,MSFT
2023-07-25,347.109985,351.890015,345.070007,350.980011,348.255707,41637700,MSFT
2023-07-26,341.440002,344.670013,333.109985,337.769989,335.148224,58383700,MSFT
2023-07-27,340.480011,341.329987,329.049988,330.720001,328.152954,39635300,MSFT
2023-07-28,333.670013,340.01001,333.170013,338.369995,335.743591,28484900,MSFT
2023-07-31,336.920013,337.700012,333.359985,335.920013,333.312622,25446000,MSFT
2023-08-01,335.190002,338.540009,333.700012,336.339996,333.72934,18311900,MSFT
2023-08-02,333.630005,333.630005,326.359985,327.5,324.957977,27761300,MSFT
2023-08-03,326.0,329.880005,325.950012,326.660004,324.124481,18253700,MSFT
2023-08-04,331.880005,335.140015,327.23999,327.779999,325.235779,23727700,MSFT
2023-08-07,328.369995,331.109985,327.519989,330.109985,327.547668,17741500,MSFT
2023-08-08,326.959991,328.75,323.0,326.049988,323.519226,22327600,MSFT
2023-08-09,326.470001,327.109985,321.049988,322.230011,319.728882,22373300,MSFT
2023-08-10,326.019989,328.26001,321.179993,322.929993,320.423462,20113700,MSFT
2023-08-11,320.26001,322.410004,319.209991,321.01001,318.518341,24342600,MSFT
2023-08-14,321.390015,324.059998,320.079987,324.040009,321.524841,18836100,MSFT
2023-08-15,323.0,325.089996,320.899994,321.859985,319.361755,16966300,MSFT
2023-08-16,320.799988,324.420013,319.799988,320.399994,318.586151,20698900,MSFT
2023-08-17,320.540009,321.869995,316.209991,316.880005,315.086121,21257200,MSFT
2023-08-18,314.48999,318.380005,311.549988,316.480011,314.688354,24744800,MSFT
2023-08-21,317.929993,322.769989,317.040009,321.880005,320.0578,24040000,MSFT
2023-08-22,325.5,326.079987,321.459991,322.459991,320.634491,16102000,MSFT
2023-08-23,323.820007,329.200012,323.459991,327.0,325.148804,21166400,MSFT
2023-08-24,332.850006,332.980011,319.959991,319.970001,318.1586,23281400,MSFT
2023-08-25,321.470001,325.359985,318.799988,322.980011,321.15155,21684100,MSFT
2023-08-28,325.660004,326.149994,321.720001,323.700012,321.867493,14808500,MSFT
2023-08-29,321.880005,328.980011,321.880005,328.410004,326.550812,19284600,MSFT
2023-08-30,328.670013,329.809998,326.450012,328.790009,326.92865,15222100,MSFT
2023-08-31,329.200012,330.910004,326.779999,327.76001,325.90451,26411000,MSFT
2023-09-01,331.309998,331.98999,326.779999,328.660004,326.799408,14931200,MSFT
2023-09-05,329.0,334.850006,328.660004,333.549988,331.661713,18553900,MSFT
2023-09-06,333.380005,334.459991,330.179993,332.880005,330.995544,17535800,MSFT
2023-09-07,331.290009,333.079987,329.029999,329.910004,328.042328,18381000,MSFT
2023-09-08,330.089996,336.160004,329.459991,334.269989,332.377625,19530100,MSFT
2023-09-11,337.23999,338.420013,335.429993,337.940002,336.026855,16583300,MSFT
2023-09-12,335.820007,336.790009,331.480011,331.769989,329.891785,17565500,MSFT
2023-09-13,331.309998,336.850006,331.170013,336.059998,334.157501,16544400,MSFT
2023-09-14,339.149994,340.859985,336.570007,338.700012,336.782562,20267000,MSFT
2023-09-15,336.920013,337.399994,329.649994,330.220001,328.350586,37666900,MSFT
2023-09-18,327.799988,330.399994,326.359985,329.059998,327.197144,16834200,MSFT
2023-09-19,326.170013,329.390015,324.51001,328.649994,326.789459,16505900,MSFT
2023-09-20,329.51001,329.589996,320.51001,320.769989,318.954071,21436500,MSFT
2023-09-21,319.26001,325.350006,315.0,319.529999,317.721069,35529500,MSFT
2023-09-22,321.320007,321.450012,316.149994,317.01001,315.215363,21447900,MSFT
2023-09-25,316.589996,317.670013,315.0,317.540009,315.742371,17836000,MSFT
2023-09-26,315.130005,315.880005,310.019989,312.140015,310.372955,26297600,MSFT
2023-09-27,312.299988,314.299988,309.690002,312.790009,311.019257,19410100,MSFT
2023-09-28,310.98999,315.480011,309.450012,313.640015,311.864441,19683600,MSFT
2023-09-29,317.75,319.470001,314.980011,315.75,313.962463,24140300,MSFT
2023-10-02,316.279999,321.890015,315.179993,321.799988,319.978241,20570000,MSFT
2023-10-03,320.829987,321.390015,311.209991,313.390015,311.615875,21033500,MSFT
2023-10-04,314.029999,320.040009,314.0,318.959991,317.154327,20720100,MSFT
2023-10-05,319.089996,319.980011,314.899994,319.359985,317.552032,16965600,MSFT
2023-10-06,316.549988,329.190002,316.299988,327.26001,325.407349,25645500,MSFT
2023-10-09,324.75,330.299988,323.179993,329.820007,327.95282,19891200,MSFT
2023-10-10,330.959991,331.100006,327.670013,328.390015,326.530945,20557100,MSFT
2023-10-11,331.209991,332.820007,329.140015,332.420013,330.538147,20063200,MSFT
2023-10-12,330.570007,333.630005,328.720001,331.160004,329.285248,19313100,MSFT
2023-10-13,332.380005,333.829987,326.359985,327.730011,325.874695,21072400,MSFT
2023-10-16,331.049988,336.140015,330.600006,332.640015,330.756866,22158000,MSFT
2023-10-17,329.589996,333.459991,327.410004,332.059998,330.180145,18338500,MSFT
2023-10-18,332.48999,335.589996,328.299988,330.109985,328.24118,23153600,MSFT
2023-10-19,332.149994,336.880005,330.910004,331.320007,329.444366,25052100,MSFT
2023-10-20,331.720001,331.920013,325.450012,326.670013,324.820679,25012600,MSFT
2023-10-23,325.470001,332.730011,324.390015,329.320007,327.455658,24374700,MSFT
2023-10-24,331.299988,331.839996,327.600006,330.529999,328.658813,31153600,MSFT
2023-10-25,345.019989,346.200012,337.619995,340.670013,338.741425,55053800,MSFT
2023-10-26,340.540009,341.630005,326.940002,327.890015,326.033783,37828500,MSFT
2023-10-27,330.429993,336.720001,328.399994,329.809998,327.942902,29856500,MSFT
2023-10-30,333.410004,339.450012,331.829987,337.309998,335.400421,22828100,MSFT
2023-10-31,338.850006,339.0,334.690002,338.109985,336.195892,20265300,MSFT
2023-11-01,339.790009,347.420013,339.649994,346.070007,344.11087,28158800,MSFT
2023-11-02,347.23999,348.829987,344.769989,348.320007,346.348145,24348100,MSFT
2023-11-03,349.630005,354.390015,347.329987,352.799988,350.802734,23624000,MSFT
2023-11-06,353.450012,357.540009,353.350006,356.529999,354.511627,23828300,MSFT
2023-11-07,359.399994,362.459991,357.630005,360.529999,358.488983,25833900,MSFT
2023-11-08,361.679993,363.869995,360.549988,363.200012,361.14389,26767800,MSFT
2023-11-09,362.299988,364.790009,360.359985,360.690002,358.648071,24847300,MSFT
2023-11-10,361.48999,370.100006,361.070007,369.670013,367.57724,28042100,MSFT
2023-11-13,368.220001,368.470001,365.899994,366.679993,364.604156,19986500,MSFT
2023-11-14,371.01001,371.950012,367.350006,370.269989,368.173828,27683900,MSFT
2023-11-15,371.279999,373.130005,367.109985,369.670013,368.323303,26860100,MSFT
2023-11-16,370.959991,376.350006,370.179993,376.170013,374.799652,27182300,MSFT
2023-11-17,373.609985,374.369995,367.0,369.850006,368.502655,40157000,MSFT
2023-11-20,371.220001,378.869995,371.0,377.440002,376.065002,52465100,MSFT
2023-11-21,375.670013,376.220001,371.119995,373.070007,371.710938,28423100,MSFT
2023-11-22,378.0,379.790009,374.970001,377.850006,376.473511,23345300,MSFT
2023-11-24,377.329987,377.970001,375.140015,377.429993,376.054993,10176600,MSFT
2023-11-27,376.779999,380.640015,376.200012,378.609985,377.230713,22179200,MSFT
2023-11-28,378.350006,383.0,378.160004,382.700012,381.305817,20453100,MSFT
2023-11-29,383.76001,384.299988,377.440002,378.850006,377.469879,28963400,MSFT
2023-11-30,378.48999,380.089996,375.470001,378.910004,377.529633,30554400,MSFT
2023-12-01,376.76001,378.160004,371.309998,374.51001,373.145691,33020400,MSFT
2023-12-04,369.100006,369.519989,362.899994,369.140015,367.795227,32063300,MSFT
2023-12-05,366.450012,373.079987,365.619995,372.519989,371.162903,23065000,MSFT
2023-12-06,373.540009,374.179993,368.029999,368.799988,367.456482,21182100,MSFT
2023-12-07,368.230011,371.450012,366.320007,370.950012,369.598663,23118900,MSFT
2023-12-08,369.200012,374.459991,368.230011,374.230011,372.866699,20144800,MSFT
2023-12-11,368.480011,371.600006,366.100006,371.299988,369.947357,27708800,MSFT
2023-12-12,370.850006,374.420013,370.459991,374.380005,373.016144,24838300,MSFT
2023-12-13,376.019989,377.640015,370.769989,374.369995,373.006165,30955500,MSFT
2023-12-14,373.309998,373.76001,364.130005,365.929993,364.596924,43277500,MSFT
2023-12-15,366.850006,372.399994,366.279999,370.730011,369.379456,78478200,MSFT
2023-12-18,369.450012,373.0,368.679993,372.649994,371.292419,21802900,MSFT
2023-12-19,371.48999,373.26001,369.839996,373.26001,371.900208,20603700,MSFT
2023-12-20,375.0,376.029999,370.529999,370.619995,369.269836,26316700,MSFT
2023-12-21,372.559998,374.410004,370.040009,373.540009,372.179199,17708000,MSFT
2023-12-22,373.679993,375.179993,372.709991,374.579987,373.215424,17091100,MSFT
2023-12-26,375.0,376.940002,373.5,374.660004,373.295135,12673100,MSFT
2023-12-27,373.690002,375.059998,372.809998,374.070007,372.707275,14905400,MSFT
2023-12-28,375.369995,376.459991,374.160004,375.279999,373.912842,14327000,MSFT
2023-12-29,376.0,377.160004,373.480011,376.040009,374.670074,18723000,MSFT
2024-01-02,373.859985,375.899994,366.769989,370.869995,369.518921,25258600,MSFT
2024-01-03,369.01001,373.26001,368.51001,370.600006,369.249908,23083500,MSFT
2024-01-04,370.670013,373.100006,367.170013,367.940002,366.599579,20901500,MSFT
2024-01-05,368.970001,372.059998,366.5,367.75,366.410278,20987000,MSFT
2024-01-08,369.299988,375.200012,369.01001,374.690002,373.325012,23134000,MSFT
2024-01-09,372.01001,375.98999,371.190002,375.790009,374.421021,20830000,MSFT
2024-01-10,376.369995,384.170013,376.320007,382.769989,381.375549,25514200,MSFT
2024-01-11,386.0,390.679993,380.380005,384.630005,383.228821,27850800,MSFT
2024-01-12,385.48999,388.679993,384.649994,388.470001,387.05481,21645700,MSFT
2024-01-16,393.660004,394.029999,387.619995,390.269989,388.848236,27202300,MSFT
2024-01-17,387.980011,390.109985,384.809998,389.470001,388.051178,22234100,MSFT
2024-01-18,391.720001,393.98999,390.119995,393.869995,392.43512,23392100,MSFT
2024-01-19,395.76001,398.670013,393.5,398.670013,397.217651,29272000,MSFT
2024-01-22,400.019989,400.619995,393.589996,396.51001,395.065552,27016900,MSFT
2024-01-23,395.75,399.380005,393.929993,398.899994,397.446808,20525900,MSFT
2024-01-24,401.540009,405.630005,400.450012,402.559998,401.093475,24867000,MSFT
2024-01-25,404.320007,407.01001,402.529999,404.869995,403.39505,21021200,MSFT
2024-01-26,404.369995,406.170013,402.429993,403.929993,402.458496,17803300,MSFT
2024-01-29,406.059998,409.980011,404.329987,409.720001,408.227386,24510200,MSFT
2024-01-30,412.26001,413.049988,406.450012,408.589996,407.101501,33477600,MSFT
2024-01-31,406.959991,415.320007,397.209991,397.579987,396.131622,47871100,MSFT
2024-02-01,401.829987,408.0,401.799988,403.779999,402.309052,30657700,MSFT
2024-02-02,403.809998,412.649994,403.559998,411.220001,409.721924,28245000,MSFT
2024-02-05,409.899994,411.160004,403.98999,405.649994,404.172211,25352300,MSFT
2024-02-06,405.880005,407.970001,402.910004,405.48999,404.012787,18382600,MSFT
2024-02-07,407.440002,414.299988,407.399994,414.049988,412.541626,22340500,MSFT
2024-02-08,414.049988,415.559998,412.529999,414.109985,412.601379,21225300,MSFT
2024-02-09,415.25,420.820007,415.089996,420.549988,419.017914,22032800,MSFT
2024-02-12,420.559998,420.73999,414.75,415.26001,413.747192,21202900,MSFT
2024-02-13,404.940002,410.070007,403.390015,406.320007,404.839783,27824900,MSFT
2024-02-14,408.070007,409.839996,404.570007,409.48999,408.752716,20401200,MSFT
2024-02-15,408.140015,409.130005,404.290009,406.559998,405.828003,21825500,MSFT
2024-02-16,407.959991,408.290009,403.440002,404.059998,403.332489,22281100,MSFT
2024-02-20,403.23999,404.48999,398.01001,402.790009,402.064789,24307900,MSFT
2024-02-21,400.170013,402.290009,397.220001,402.179993,401.455872,18631100,MSFT
2024-02-22,410.190002,412.829987,408.570007,411.649994,410.908813,27009900,MSFT
2024-02-23,415.670013,415.859985,408.970001,410.339996,409.601196,16295900,MSFT
2024-02-26,411.459991,412.160004,407.359985,407.540009,406.806244,16193500,MSFT
2024-02-27,407.98999,408.320007,403.850006,407.480011,406.746338,14835800,MSFT
2024-02-28,408.179993,409.299988,405.320007,407.720001,406.985901,13183100,MSFT
2024-02-29,408.640015,414.200012,405.920013,413.640015,412.895264,31947300,MSFT
2024-03-01,411.269989,415.869995,410.880005,415.5,414.751892,17800300,MSFT
2024-03-04,413.440002,417.350006,412.320007,414.920013,414.172974,17596000,MSFT
2024-03-05,413.959991,414.25,400.640015,402.649994,401.925018,26919200,MSFT
2024-03-06,402.970001,405.160004,398.390015,402.089996,401.366028,22344100,MSFT
2024-03-07,406.119995,409.779999,402.23999,409.140015,408.403381,18718500,MSFT
2024-03-08,407.959991,410.420013,404.329987,406.220001,405.488617,17971700,MSFT
2024-03-11,403.76001,405.679993,401.26001,404.519989,403.791656,16120800,MSFT
2024-03-12,407.619995,415.570007,406.790009,415.279999,414.532288,22457000,MSFT
2024-03-13,418.100006,418.179993,411.450012,415.100006,414.352631,17115900,MSFT
2024-03-14,420.23999,427.820007,417.98999,425.220001,424.454407,34157300,MSFT
2024-03-15,419.290009,422.600006,412.790009,416.420013,415.670258,45049800,MSFT
2024-03-18,414.25,420.730011,413.779999,417.320007,416.568634,20106000,MSFT
2024-03-19,417.829987,421.670013,415.549988,421.410004,420.651276,19837900,MSFT
2024-03-20,422.0,425.959991,420.660004,425.230011,424.464386,17860100,MSFT
2024-03-21,429.829987,430.820007,427.160004,429.369995,428.596924,21296200,MSFT
2024-03-22,429.700012,429.859985,426.070007,428.73999,427.968048,17636500,MSFT
2024-03-25,425.23999,427.410004,421.609985,422.859985,422.098633,18060500,MSFT
2024-03-26,425.609985,425.98999,421.350006,421.649994,420.890808,16725600,MSFT
2024-03-27,424.440002,424.450012,419.01001,421.429993,420.671204,16705000,MSFT
2024-03-28,420.959991,421.869995,419.119995,420.720001,419.962494,21871200,MSFT
2024-04-01,423.950012,427.890015,422.220001,424.570007,423.805573,16316000,MSFT
2024-04-02,420.109985,422.380005,417.839996,421.440002,420.681213,17912000,MSFT
2024-04-03,419.730011,423.26001,419.089996,420.450012,419.692993,16502300,MSFT
2024-04-04,424.98999,428.670013,417.570007,417.880005,417.127625,19370900,MSFT
2024-04-05,420.01001,426.51001,418.320007,425.519989,424.753845,16544300,MSFT
2024-04-08,425.170013,427.279999,423.299988,424.589996,423.825531,14272400,MSFT
2024-04-09,426.440002,427.73999,421.619995,426.279999,425.512482,12512300,MSFT
2024-04-10,422.190002,424.029999,419.700012,423.26001,422.497925,16216600,MSFT
2024-04-11,425.820007,429.369995,422.359985,427.929993,427.159515,17966400,MSFT
2024-04-12,424.049988,425.179993,419.769989,421.899994,421.140381,19232100,MSFT
2024-04-15,426.600006,426.820007,413.429993,413.640015,412.895264,20273500,MSFT
2024-04-16,414.570007,418.399994,413.730011,414.579987,413.833557,16765600,MSFT
2024-04-17,417.25,418.880005,410.329987,411.839996,411.09848,15855500,MSFT
2024-04-18,410.630005,411.890015,403.950012,404.269989,403.542114,21029900,MSFT
2024-04-19,404.029999,405.480011,397.769989,399.119995,398.401398,30276500,MSFT
2024-04-22,400.079987,402.850006,395.75,400.959991,400.238068,20286900,MSFT
2024-04-23,404.23999,408.200012,403.059998,407.570007,406.836182,15734500,MSFT
2024-04-24,409.559998,412.470001,406.779999,409.059998,408.323486,15065300,MSFT
2024-04-25,394.029999,399.890015,388.029999,399.040009,398.321533,40586500,MSFT
2024-04-26,412.170013,413.0,405.76001,406.320007,405.58844,29694700,MSFT
2024-04-29,405.25,406.320007,399.190002,402.25,401.525757,19582100,MSFT
2024-04-30,401.48999,402.160004,389.170013,389.329987,388.628998,28781400,MSFT
2024-05-01,392.609985,401.720001,390.309998,394.940002,394.228912,23562500,MSFT
2024-05-02,397.660004,399.929993,394.649994,397.839996,397.123688,17709400,MSFT
2024-05-03,402.279999,407.149994,401.859985,406.660004,405.927826,17446700,MSFT
2024-05-06,408.76001,413.929993,406.369995,413.540009,412.795441,16996600,MSFT
2024-05-07,414.660004,414.670013,409.089996,409.339996,408.602997,20018200,MSFT
2024-05-08,408.170013,412.230011,406.709991,410.540009,409.800842,11792300,MSFT
2024-05-09,410.570007,412.720001,409.100006,412.320007,411.577637,14689700,MSFT
2024-05-10,412.940002,415.380005,411.799988,414.73999,413.993256,13402300,MSFT
2024-05-13,418.01001,418.350006,410.820007,413.720001,412.975098,15440200,MSFT
2024-05-14,412.019989,417.48999,411.549988,416.559998,415.809998,15109300,MSFT
2024-05-15,417.899994,423.809998,417.269989,423.079987,423.079987,22239500,MSFT
2024-05-16,421.799988,425.420013,420.350006,420.98999,420.98999,17530100,MSFT
2024-05-17,422.540009,422.920013,418.029999,420.209991,420.209991,15352200,MSFT
2024-05-20,420.209991,426.769989,419.98999,425.339996,425.339996,16272100,MSFT
2024-05-21,426.829987,432.970001,424.850006,429.040009,429.040009,21453300,MSFT
2024-05-22,430.089996,432.410004,427.130005,430.519989,430.519989,18073700,MSFT
2024-05-23,432.970001,433.600006,425.420013,427.0,427.0,17211700,MSFT
2024-05-24,427.190002,431.059998,424.410004,430.160004,430.160004,11845800,MSFT
2024-05-28,429.630005,430.820007,426.600006,430.320007,430.320007,15718000,MSFT
2024-05-29,425.690002,430.940002,425.690002,429.170013,429.170013,15517100,MSFT
2024-05-30,424.299988,424.299988,414.23999,414.670013,414.670013,28424800,MSFT
2024-05-31,416.75,416.75,404.51001,415.130005,415.130005,47995300,MSFT
2024-06-03,415.529999,416.429993,408.920013,413.519989,413.519989,17484700,MSFT
2024-06-04,412.429993,416.440002,409.679993,416.070007,416.070007,14348900,MSFT
2024-06-05,417.809998,424.079987,416.299988,424.01001,424.01001,16988000,MSFT
2024-06-06,424.01001,425.309998,420.579987,424.519989,424.519989,14861300,MSFT
2024-06-07,426.200012,426.279999,423.0,423.850006,423.850006,13611100,MSFT
